<?xml version="1.0" encoding="UTF-8"?><SLA Version="1.0"><TxList><Tx>01_buy_ticket_and_view_itinerary</Tx><Tx>02_delete_ticket</Tx><Tx>03_buy_ticket</Tx><Tx>04_Find_and_Choose_Flight</Tx><Tx>05_view_itinerary</Tx><Tx>06_Find_Flight</Tx><Tx>Action_Transaction</Tx><Tx>choose_flight</Tx><Tx>click_flights</Tx><Tx>click_itinerary</Tx><Tx>delete_ticket</Tx><Tx>fill_find_flights</Tx><Tx>fill_payment</Tx><Tx>Gotosite</Tx><Tx>login</Tx><Tx>logout</Tx><Tx>vuser_end_Transaction</Tx><Tx>vuser_init_Transaction</Tx></TxList><SLARules><TrackingPeriodType>Default</TrackingPeriodType><TrackingPeriodValue></TrackingPeriodValue><TrackingPeriodTimeScale></TrackingPeriodTimeScale><RulesGroup Type="PercentileRule"><Name>Percentile Based Rules</Name><PercentileRule Name="transaction_response_time_percentile_01_buy_ticket_and_view_itinerary"><Percentage>90</Percentage><Value>80</Value><Measurement>transaction_response_time_percentile</Measurement><SubMeasurement>01_buy_ticket_and_view_itinerary</SubMeasurement></PercentileRule><PercentileRule Name="transaction_response_time_percentile_02_delete_ticket"><Percentage>90</Percentage><Value>49</Value><Measurement>transaction_response_time_percentile</Measurement><SubMeasurement>02_delete_ticket</SubMeasurement></PercentileRule><PercentileRule Name="transaction_response_time_percentile_03_buy_ticket"><Percentage>90</Percentage><Value>110</Value><Measurement>transaction_response_time_percentile</Measurement><SubMeasurement>03_buy_ticket</SubMeasurement></PercentileRule><PercentileRule Name="transaction_response_time_percentile_04_Find_and_Choose_Flight"><Percentage>90</Percentage><Value>50</Value><Measurement>transaction_response_time_percentile</Measurement><SubMeasurement>04_Find_and_Choose_Flight</SubMeasurement></PercentileRule><PercentileRule Name="transaction_response_time_percentile_05_view_itinerary"><Percentage>90</Percentage><Value>150</Value><Measurement>transaction_response_time_percentile</Measurement><SubMeasurement>05_view_itinerary</SubMeasurement></PercentileRule><PercentileRule Name="transaction_response_time_percentile_06_Find_Flight"><Percentage>90</Percentage><Value>70</Value><Measurement>transaction_response_time_percentile</Measurement><SubMeasurement>06_Find_Flight</SubMeasurement></PercentileRule><PercentileRule Name="transaction_response_time_percentile_choose_flight"><Percentage>90</Percentage><Value>5</Value><Measurement>transaction_response_time_percentile</Measurement><SubMeasurement>choose_flight</SubMeasurement></PercentileRule><PercentileRule Name="transaction_response_time_percentile_click_flights"><Percentage>90</Percentage><Value>5</Value><Measurement>transaction_response_time_percentile</Measurement><SubMeasurement>click_flights</SubMeasurement></PercentileRule><PercentileRule Name="transaction_response_time_percentile_click_itinerary"><Percentage>90</Percentage><Value>5</Value><Measurement>transaction_response_time_percentile</Measurement><SubMeasurement>click_itinerary</SubMeasurement></PercentileRule><PercentileRule Name="transaction_response_time_percentile_delete_ticket"><Percentage>90</Percentage><Value>5</Value><Measurement>transaction_response_time_percentile</Measurement><SubMeasurement>delete_ticket</SubMeasurement></PercentileRule><PercentileRule Name="transaction_response_time_percentile_fill_find_flights"><Percentage>90</Percentage><Value>5</Value><Measurement>transaction_response_time_percentile</Measurement><SubMeasurement>fill_find_flights</SubMeasurement></PercentileRule><PercentileRule Name="transaction_response_time_percentile_fill_payment"><Percentage>90</Percentage><Value>5</Value><Measurement>transaction_response_time_percentile</Measurement><SubMeasurement>fill_payment</SubMeasurement></PercentileRule><PercentileRule Name="transaction_response_time_percentile_Gotosite"><Percentage>90</Percentage><Value>5</Value><Measurement>transaction_response_time_percentile</Measurement><SubMeasurement>Gotosite</SubMeasurement></PercentileRule><PercentileRule Name="transaction_response_time_percentile_login"><Percentage>90</Percentage><Value>5</Value><Measurement>transaction_response_time_percentile</Measurement><SubMeasurement>login</SubMeasurement></PercentileRule><PercentileRule Name="transaction_response_time_percentile_logout"><Percentage>90</Percentage><Value>5</Value><Measurement>transaction_response_time_percentile</Measurement><SubMeasurement>logout</SubMeasurement></PercentileRule></RulesGroup></SLARules></SLA>